{
	"loop": true,
	"animation_length": 2.375,
	"positionScale": 0.0625,
	"bones": {
		"gun": {
			"rotation": {
				"0.0": [0, 0, 0],
				"0.125": [-11.68273, -10.36541, -9.18273],
				"0.2917": [-21.88988, -20.27826, -15.08755],
				"0.3333": [-20.15597, -22.6211, -21.83662],
				"0.375": [-20.85503, -22.77036, -22.24975],
				"0.4167": [-19.53996, -24.66854, -27.76146],
				"0.5417": [-22.05303, -18.58532, -19.61661],
				"0.6667": [-23.51778, -16.64771, -14.78008],
				"0.7917": [-22.33561, -18.90625, -16.62167],
				"0.9583": [-22.58033, -22.0701, -20.09392],
				"1.1667": [-24.89674, -30.43723, -31.77481],
				"1.2083": [-28.23275, -28.16981, -26.66026],
				"1.2917": [-27.4, -30.44, -31.77],
				"1.4167": [-30.71444, -26.57813, -23.79276],
				"1.5": [-26.40248, -26.63477, -23.99872],
				"1.5833": [-26.8418, -27.43424, -25.35078],
				"1.625": [-28.21983, -26.66493, -23.52556],
				"1.6667": [-24.89674, -30.43723, -31.77481],
				"1.75": [-25.15239, -25.47803, -23.97825],
				"1.8333": [-21.88988, -20.27826, -15.08755],
				"1.9583": [-16.82752, -12.76391, -8.44447],
				"2.1667": [-7.83368, -6.31414, -2.31312],
				"2.2917": [0, 0, 0],
				"2.375": [0, 0, 0]
			},
			"position": {
				"0.0": [0, 0, 0],
				"0.125": [1, 0.1, 0],
				"0.2917": [2.1, 1.8, 0],
				"0.4167": [2.5, 1.8, 0],
				"0.5417": [1.65, 1.5, 0],
				"0.6667": [1.65, 1.1, 0],
				"0.9583": [2.1, 1.8, 0],
				"1.1667": [2.5, 2.4, 0],
				"1.2083": [2.43, 2.5, 0],
				"1.2917": [2.3, 2.7, 0],
				"1.4167": [2.34, 2.24, 0],
				"1.6667": [2.5, 2.4, 0],
				"1.75": [2.1, 2, 0],
				"1.8333": [2.1, 1.2, 0],
				"1.9583": [1, -0.6, -1],
				"2.1667": [-0.5, -0.4, -4],
				"2.2917": [0.1, -0.1, 0],
				"2.375": [0, 0, 0]
			}
		},
		"left": {
			"parent": "gun",
			"rotation": {
				"0.0": [0, 0, 0],
				"0.2083": [0, 0, 0],
				"0.4583": [0, 0, -17.5],
				"1.375": [0, 0, -17.5],
				"1.5": [0, 0, 0]
			},
			"position": {
				"0.0": [0, 0, 0],
				"0.2083": [0, 0, 0],
				"0.3333": [0, -2.33, 0],
				"0.4583": [2, -8.33, 0],
				"0.7083": [10, -8.33, 13],
				"0.9583": [2, -8.33, 0],
				"1.0833": [2.06, -4.67, 0],
				"1.1667": [1.6, -2.23, 0],
				"1.2083": [1.6, -2.23, 0],
				"1.375": [1.2, -4.33, 0],
				"1.5": [0, -2.33, 0],
				"1.5833": [0, -1.96, 0],
				"1.6667": [0, 0, 0]
			}
		},
		"left_arm": {
			"parent": "left",
			"rotation": {
				"0.0": [-28.47661, 19.09274, -17.68671],
				"0.2083": [3.56247, 42.30941, 29.152],
				"1.6667": [3.56247, 42.30941, 29.152],
				"1.7083": [3.56247, 42.30941, 29.152],
				"1.875": [-4.7973, 27.09149, 11.23715],
				"2.0833": [-28.47661, 19.09274, -17.68671]
			},
			"position": {
				"0.0": [0.2, 2.7, -5.4],
				"0.2083": [0, -0.7, 0.2],
				"1.6667": [0, -0.7, 0.2],
				"1.7083": [0, -0.7, 0.2],
				"1.875": [1.48, -2.82, -0.08],
				"1.9583": [3.3, 0.3, -2.8],
				"2.0833": [0.2, 2.7, -5.4]
			},
			"alpha": {
				"0.0": 0,
				"0.2": 1,
				"1.875": 1,
				"2.08": 0
			}
		},
		"right_arm": {
			"parent": "gun",
			"rotation": {
				"0.0": [-7.6144, -9.9136, 11.1816],
				"0.125": [-7.6144, -9.9136, 11.1816],
				"1.9583": [-7.6144, -9.9136, 11.1816]
			},
			"position": {
				"0.0": [-0.3, 0.7, 3],
				"0.125": [-0.3, 0.7, 3],
				"0.25": [-1, 0.9, 3],
				"1.8333": [-1, 0.9, 3],
				"1.9583": [-0.3, 0.7, 3]
			},
			"alpha": {
				"0.0": 0,
				"0.25": 0.1,
				"1.95": 0.1,
				"2.08": 0
			}
		},
		"mag": {
			"parent": "left",
			"position": {
				"0.0": [0, 4, 1.55]
			}
		}
	}
}