{
	"animation_length": 1.04167,
	"positionScale": 0.00625,
	"bones": {
		"bolt": {
			"position": {
				"0.0": [0, 0, 0],
				"0.3333": [0, 0, 0],
				"0.4583": [0, 0, -27],
				"0.5": [0, 0, -27],
				"0.5833": [0, 0, 0]
			}
		},
		"left_arm": {
			"alpha": { "0.0": 0 }
		},
		"right_arm": {
			"rotation": {
				"0.0": [40.2235, -6.3202, -4.04618],
				"0.2917": [-7.28, -58.82, 73.45],
				"0.375": [-11.32609, -58.41554, 78.18865],
				"0.5": [-10.80693, -66.41842, 57.21799],
				"0.5417": [-14.78, -58.82, 73.45],
				"0.8333": [40.2235, -6.3202, -4.04618]
			},
			"position": {
				"0.0": [0, 13, -39],
				"0.0833": [-2, 10, -39],
				"0.1667": [-14, 16, -40],
				"0.2917": [-18, 33, -43],
				"0.375": [-18, 33, -43],
				"0.5": [-18, 33, -70],
				"0.5417": [-18, 33, -70],
				"0.8333": [0, 13, -39]
			},
			"alpha": {
				"0.0": 0,
				"0.08": 1,
				"0.54": 1,
				"0.83": 0
			}
		},
		"item": {
			"rotation": {
				"0.0": [0, 0, 0],
				"0.125": [3.8, -3, -2],
				"0.2917": [7.59135, -4.72031, -7.5],
				"0.5": [10.17596, -1.7801, -10],
				"0.5417": [15.1331, 1.3127, -15],
				"0.5833": [12.6949, 0.2133, -7.5],
				"0.625": [12.69185, -0.12463, -5],
				"0.8333": [4.98107, 0.43523, 0],
				"0.9583": [0, 0, -2.5],
				"1.0417": [0, 0, 0]
			},
			"position": {
				"0.0": [0, 0, 0],
				"0.125": [-2, 2, 0],
				"0.2917": [-4, 4, 0],
				"0.5": [3, 9, -7],
				"0.5417": [5, 11, -7],
				"0.5833": [3, 8, -7],
				"0.8333": [6, 0, 0],
				"0.9583": [0, 0, 0],
				"1.0417": [0, 0, 0]
			}
		},
		"charge_handle": {
			"position": {
				"0.375": [0, 0, 0],
				"0.5": [0, 0, -27],
				"0.5417": [0, 0, -27],
				"0.625": [0, 0, 0]
			}
		},
		"camera": {
			"rotation": {
				"0.0": [0, 0, 0],
				"0.125": [-0.75, 0.25, -0.25],
				"0.2917": [-1.75, 0, 0],
				"0.4583": [-3, 0, 0],
				"0.5": [-4, 0, -2],
				"0.5417": [-3, 0, 0],
				"0.5833": [-4, 0, 2],
				"0.625": [-3, 0, 1],
				"0.75": [-1.5, 0, 0.5],
				"0.875": [-1, 0, 0],
				"0.9583": [-0.75, -0.25, -0.25],
				"1.0417": [0, 0, 0]
			}
		}
	}
}
