{
	"animation_length": 0.91667,
	"positionScale": 0.00625,
	"bones": {
		"bolt_release": {
			"rotation": {
				"0.0": [0, 0, -11],
				"0.375": [0, 0, -11],
				"0.4167": [0, 0, 0]
			}
		},
		"left_arm": {
			"rotation": {
				"0.0": [11.1295, 32.29033, -25],
				"0.0833": [27.79, 29.5, -4.27],
				"0.25": [44.44914, 26.70049, 16.45425],
				"0.625": [44.44914, 26.70049, 16.45425],
				"0.75": [27.79, 29.5, -4.27],
				"0.9167": [11.1295, 32.29033, -25]
			},
			"position": {
				"0.0": [-5, 33, 61],
				"0.0833": [-18, 31, 28.5],
				"0.25": [-15, 26, -6],
				"0.625": [-15, 26, -6],
				"0.75": [-18, 31, 28.5],
				"0.9167": [-5, 33, 61]
			},
			"alpha": {
				"0.0": 0,
				"0.16": 0.75,
				"0.25": 1,
				"0.62": 1,
				"0.7": 0.75,
				"0.91": 0
			}
		},
		"right_arm": {
			"alpha": {
				"0.0": 0,
				"0.25": 0.25,
				"0.62": 0.25,
				"0.91": 0
			}
		},
		"item": {
			"rotation": {
				"0.0": [0, 0, 0],
				"0.25": [10.02835, 4.96192, -44.56438],
				"0.4583": [10.02835, 4.96192, -44.56438],
				"0.5": [10.02835, 4.96192, -42.06438],
				"0.5417": [10.02835, 4.96192, -46.0644],
				"0.5833": [10.02835, 4.96192, -44.56438],
				"0.625": [10.02835, 4.96192, -44.56438],
				"0.8333": [4.17, 0.83, -7.43],
				"0.9167": [0, 0, 0]
			},
			"position": {
				"0.0": [0, 0, 0],
				"0.25": [6, 18, 6],
				"0.3333": [6, 18, 4],
				"0.4583": [6, 18, 4],
				"0.5": [6, 16, 4],
				"0.5417": [6, 19, 4],
				"0.5833": [6, 18, 4],
				"0.6667": [4.29, 14.86, 4.86],
				"0.8333": [1.57, 9, 6],
				"0.9167": [0, 0, 0]
			}
		},
		"bolt_carrier": {
			"position": {
				"0.0": [0, 0, -28],
				"0.375": [0, 0, -28],
				"0.5": [0, 0, 0]
			}
		},
		"bolt": {
			"rotation": {
				"0.0": [0, 0, 22.5],
				"0.4583": [0, 0, 22.5],
				"0.5": [0, 0, 0]
			},
			"position": {
				"0.0": [0, 0, 2],
				"0.4583": [0, 0, 2],
				"0.5": [0, 0, 0]
			}
		},
		"ammo": {
			"position": { "0.0": [0, 43, 6] }
		},
		"camera": {
			"rotation": {
				"0.0": [0, 0, 0],
				"0.0833": [0, 0, 0],
				"0.25": [-2.5, -2.5, -2.5],
				"0.4583": [-2.5, -2.5, -2.5],
				"0.5": [-2.5, -2.5, -1.5],
				"0.5417": [-2.5, -2.5, -3.5],
				"0.5833": [-2.5, -2.5, -2.5],
				"0.7917": [0.71, -0.71, 2.21],
				"0.8333": [0.71, -0.71, 0.5],
				"0.875": [0.36, -0.35, -0.25],
				"0.9167": [0, 0, 0]
			},
			"position": {
				"0.0": [0, 0, 0],
				"0.1667": [2, 2, 0],
				"0.25": [0, 0, 0],
				"0.6667": [0, 0, 0],
				"0.8333": [2, 2, 0],
				"0.9167": [0, 0, 0]
			}
		}
	}
}
